rule_id,rule_group,institution,product,archetype,source_product,target_product,metric,window,operator,threshold,effect_kind,effect_value,effect_unit,attribution_rule,inclusion_set,exclusion_set,history_condition_set,cap_pp,reversible,retroactive_restore,recalc_frequency,source_url,source_doc,evidence_span,clause_hash,clause_locator,last_verified_at,verbatim_confidence,status
KB_CARD_LOAN_STEP_T1,KB_CARD_LOAN_STEP,KB국민은행,대출 금리감면(카드 이용실적),A1_THRESHOLD_STEP|A4_MAINTENANCE_RECALCULATION,신용카드,대출,rolling_3m_card_spend_krw,3M,>=,300000,rate_discount,0.1,pp,결제계좌를 KB국민은행으로 지정,,,,0.9,TRUE,TRUE,대출신규 3개월 이후 매월,https://obank.kbstar.com/quics?page=C020709&cc=b032425:b033525&prcode=LN20000066,웹페이지,"결제계좌를 KB국민은행으로 지정하고, 최근 3개월 30만원 (연0.1%p)/60만원(연0.2%p)/90만원(연 0.3%p)이상 이용실적이 있는 경우",a0951170c39783c22e78eaf400435f47b3eb60439a84f9c024fe9f92d3faff3d,최근 3개월 30만원,2026-08-16,VERBATIM,ACTIVE
KB_CARD_LOAN_STEP_T2,KB_CARD_LOAN_STEP,KB국민은행,대출 금리감면(카드 이용실적),A1_THRESHOLD_STEP|A4_MAINTENANCE_RECALCULATION,신용카드,대출,rolling_3m_card_spend_krw,3M,>=,600000,rate_discount,0.2,pp,결제계좌를 KB국민은행으로 지정,,,,0.9,TRUE,TRUE,대출신규 3개월 이후 매월,https://obank.kbstar.com/quics?page=C020709&cc=b032425:b033525&prcode=LN20000066,웹페이지,"결제계좌를 KB국민은행으로 지정하고, 최근 3개월 30만원 (연0.1%p)/60만원(연0.2%p)/90만원(연 0.3%p)이상 이용실적이 있는 경우",a0951170c39783c22e78eaf400435f47b3eb60439a84f9c024fe9f92d3faff3d,최근 3개월 30만원,2026-08-16,VERBATIM,ACTIVE
KB_CARD_LOAN_STEP_T3,KB_CARD_LOAN_STEP,KB국민은행,대출 금리감면(카드 이용실적),A1_THRESHOLD_STEP|A4_MAINTENANCE_RECALCULATION,신용카드,대출,rolling_3m_card_spend_krw,3M,>=,900000,rate_discount,0.3,pp,결제계좌를 KB국민은행으로 지정,,,,0.9,TRUE,TRUE,대출신규 3개월 이후 매월,https://obank.kbstar.com/quics?page=C020709&cc=b032425:b033525&prcode=LN20000066,웹페이지,"결제계좌를 KB국민은행으로 지정하고, 최근 3개월 30만원 (연0.1%p)/60만원(연0.2%p)/90만원(연 0.3%p)이상 이용실적이 있는 경우",a0951170c39783c22e78eaf400435f47b3eb60439a84f9c024fe9f92d3faff3d,최근 3개월 30만원,2026-08-16,VERBATIM,ACTIVE
KB_SAVINGS_LOAN_HOLD,KB_SAVINGS_LOAN,KB국민은행,대출 금리감면(적립식예금 보유),A1_THRESHOLD_STEP,적립식예금,대출,savings_balance_krw,POINT,>=,300000,rate_discount,0.1,pp,,,,,0.9,TRUE,TRUE,대출신규 3개월 이후 매월,https://obank.kbstar.com/quics?page=C020709&cc=b032425:b033525&prcode=LN20000066,웹페이지,적립식 예금 잔액 30만원이상 계좌 보유,d51bec94ec8826f905dfec0573ff04058303a73d14801844c05bb09c6f6884fd,적립식 예금 잔액 30만원이상,2026-08-16,VERBATIM,ACTIVE
KB_RECALC_A4,KB_RECALC,KB국민은행,대출 금리감면 재산정 주기,A4_MAINTENANCE_RECALCULATION,-,대출,recalc_cycle,1M,==,1,eligibility,,,,,,,,TRUE,TRUE,대출신규 3개월 이후 매월,https://obank.kbstar.com/quics?page=C020709&cc=b032425:b033525&prcode=LN20000066,웹페이지,우대금리는 각 항목의 우대조건 충족여부에 따라 대출신규 3개월 이후 매월 재산정되어 적용됩니다.,60d02ddd2a608c3dc317e46985d519804da70ac39d37be0983dd8580ba1fe83f,대출신규 3개월 이후 매월 재산정,2026-08-16,VERBATIM,ACTIVE
HF_SUBSCRIPTION_DIDIMDOL_T1,HF_SUBSCRIPTION_DIDIMDOL,한국주택금융공사,내집마련 디딤돌대출,A5_TERMINATION_LOSS_EVENT|A6_EXCEPTION_EXCLUSION|A7_ELIGIBILITY_HISTORY,청약(종합)저축,주택담보대출,subscription_months,60M,>=,60,rate_discount,0.3,pp,본인 또는 배우자 명의,,,,0.5,FALSE,FALSE,6개월,https://www.hf.go.kr/cms/etcResourceDown.do?site=$cms$NYeyA&key=$cms$M4VwRgDAjA+qmwgJhtGSBsENKQOgAcATAMyA,업무처리기준 2026-06-22판,"대출기간 중 금리우대에 적용된 청약(종합)저축 해지시 금리우대 적용이 제외되며, 대출기간 중 금리우대조건을 충족하더라도 금리우대 적용 불가",15bbcab8267bbf7c9c2f7c562f21bb9b14f3c84347ebbd614eb296077b164759,금리우대에 적용된 청약(종합)저축 해지시,2026-08-16,VERBATIM,ACTIVE
HF_SUBSCRIPTION_DIDIMDOL_T2,HF_SUBSCRIPTION_DIDIMDOL,한국주택금융공사,내집마련 디딤돌대출,A5_TERMINATION_LOSS_EVENT|A6_EXCEPTION_EXCLUSION|A7_ELIGIBILITY_HISTORY,청약(종합)저축,주택담보대출,subscription_months,120M,>=,120,rate_discount,0.4,pp,본인 또는 배우자 명의,,,,0.5,FALSE,FALSE,6개월,https://www.hf.go.kr/cms/etcResourceDown.do?site=$cms$NYeyA&key=$cms$M4VwRgDAjA+qmwgJhtGSBsENKQOgAcATAMyA,업무처리기준 2026-06-22판,"대출기간 중 금리우대에 적용된 청약(종합)저축 해지시 금리우대 적용이 제외되며, 대출기간 중 금리우대조건을 충족하더라도 금리우대 적용 불가",15bbcab8267bbf7c9c2f7c562f21bb9b14f3c84347ebbd614eb296077b164759,금리우대에 적용된 청약(종합)저축 해지시,2026-08-16,VERBATIM,ACTIVE
HF_SUBSCRIPTION_DIDIMDOL_T3,HF_SUBSCRIPTION_DIDIMDOL,한국주택금융공사,내집마련 디딤돌대출,A5_TERMINATION_LOSS_EVENT|A6_EXCEPTION_EXCLUSION|A7_ELIGIBILITY_HISTORY,청약(종합)저축,주택담보대출,subscription_months,180M,>=,180,rate_discount,0.5,pp,본인 또는 배우자 명의,,,,0.5,FALSE,FALSE,6개월,https://www.hf.go.kr/cms/etcResourceDown.do?site=$cms$NYeyA&key=$cms$M4VwRgDAjA+qmwgJhtGSBsENKQOgAcATAMyA,업무처리기준 2026-06-22판,"대출기간 중 금리우대에 적용된 청약(종합)저축 해지시 금리우대 적용이 제외되며, 대출기간 중 금리우대조건을 충족하더라도 금리우대 적용 불가",15bbcab8267bbf7c9c2f7c562f21bb9b14f3c84347ebbd614eb296077b164759,금리우대에 적용된 청약(종합)저축 해지시,2026-08-16,VERBATIM,ACTIVE
KBANK_CARD_SAVINGS,KBANK_CARD_SAVINGS,케이뱅크,주거래우대 자유적금,A1_THRESHOLD_STEP|A3_TIME_WINDOW_CONSTRAINT|A6_EXCEPTION_EXCLUSION,체크카드,적금,monthly_check_card_spend_krw,1M,>=,200000,rate_discount,0.3,pp,,체크카드,,,0.6,TRUE,TRUE,실적 인정 기간 내 3개월(연속 불요),https://www.kbanknow.com/web/product/deposit/primary-saving,웹페이지 우대조건표(조회기준일 2026-08-16),실적 인정 기간 동안 3개월 이상 케이뱅크 체크카드 실적이 있는 경우,8d5839f6d76471b4a3837ac41ded716b5d87c3b375380ac538df33e6947b04ec,체크카드 실적이 있는 경우,2026-08-16,VERBATIM,ACTIVE
KBANK_TELECOM_SAVINGS,KBANK_TELECOM_SAVINGS,케이뱅크,주거래우대 자유적금,A1_THRESHOLD_STEP|A6_EXCEPTION_EXCLUSION,급여이체/통신비,적금,salary_or_telecom_transfer_months,1M,>=,3,rate_discount,0.3,pp,당행 본인계좌에서 이체 건은 조건 충족해도 제외,"급여이체(건당 50만원 이상),통신 3사(KT/SKT/LGU+) 통신비",알뜰폰(MVNO) 통신비,,0.6,TRUE,TRUE,실적 인정 기간 내 3개월(연속 불요),https://www.kbanknow.com/web/product/deposit/primary-saving,JSON-LD schema.org FinancialProduct(금리기준일 2026-05-13),"1. 실적인정기간 - 예금 신규월 1일부터 예금 만기 전월 말일까지 2. 급여이체 인정기준 - 적요 또는 입금통장표시내역에 월급/급여/수당/급료/SALARY/salary/상여/보너스라고 표시되어 있는 경우 - 적요 또는 입금통장표시내역에 고객정보의 직장명 앞 4글자 중 연속한 2글자가 포함되어 있는 경우 (단, '주식회사,(주),유한회사, (유), 합명회사, 합자회사, (합), 재단법인,(재), 사단법인, (사)'를 제외한 나머지 명칭) - 기타 당행 전산상 급여로 인정되는 경우 3. 실적 확인 관련 안내사항 - 3개월 이상 실적 확인 시 연속하여 3개월 이상 실적을 확인하는 것은 아님 - 1개월(1일부터 말일까지) 이내 2회 이상 급여이체, 통신비이체 실적이 있는 경우 실적은 1개월로 인정함 - 통신비 이체 실적은 통신 3사(KT,SKT,LGU+만 인정)실적을 확인하며, 통신 3사 외 알뜰폰(MVNO) 등의 통신비 이체 실적은 인정되지 않음",bf536103de064eab5e7090f9ae5e383a75bd4325a266e119705c70a20689815a,실적 확인 관련 안내사항,2026-08-16,VERBATIM,ACTIVE
KBANK_CAP,KBANK_SUPPORT,케이뱅크,주거래우대 자유적금,A8_EFFECT_MAPPING,-,적금,preferential_cap,POINT,<=,0.6,cap,0.6,pct,,,,,0.6,FALSE,FALSE,-,https://www.kbanknow.com/web/product/deposit/primary-saving,JSON-LD schema.org FinancialProduct,최고 연 0.60%,f434dc02a465a4db9ec362bc5eaf7c42840962b6feae786b35733dd5f7feeda2,최고 연 0.60%,2026-08-16,VERBATIM,ACTIVE
HANA_HISTORY_SAVINGS,HANA_HISTORY_SAVINGS,하나은행,"오늘부터, 하나 적금",A7_ELIGIBILITY_HISTORY|A3_TIME_WINDOW_CONSTRAINT,과거 상품 보유이력,적금,prior_product_holding,6M,==,0,rate_bonus,4.7,pp,,,,polarity=must_not_hold;lookback_months=6;reference_point=가입 전일;items=입출금예금|적립식예금|정기예금|신탁|외화예금|여신|투자상품(펀드);excluded_from_items=신탁 DB|신탁 DC|기업형IRP,,FALSE,FALSE,-,https://www.kebhana.com/cont/mall/mall08/mall0801/mall080102/1510520_115157.jsp,웹페이지,이 예금의 가입 전일 기준 6개월 동안 하나은행 상품(주1)을 미보유한 경우,515f72eb0d4e33e4a74e069c0fd10702509e55891f3c5476de964a41c70ef197,가입 전일 기준 6개월 동안,2026-08-28,VERBATIM,ACTIVE
HF_CHECK_CYCLE,HF_DIDIMDOL_SUPPORT,한국주택금융공사,내집마련 디딤돌대출,A4_MAINTENANCE_RECALCULATION,청약(종합)저축,주택담보대출,cancellation_check_cycle,6M,==,6,eligibility,,,,,,,,FALSE,FALSE,-,https://www.hf.go.kr/cms/etcResourceDown.do?site=$cms$NYeyA&key=$cms$M4VwRgDAjA+qmwgJhtGSBsENKQOgAcATAMyA,업무처리기준 2026-06-22판,6개월 단위로 청약(종합)저축 통장 해지 여부를 확인,97367d3e8d2ff969cce593c962097cb5efc56700b5b51afff64f7d0b4ce42e41,6개월 단위로 청약(종합)저축 통장 해지 여부를 확인,2026-08-16,VERBATIM,ACTIVE
HF_EXEMPT_WINNING,HF_DIDIMDOL_SUPPORT,한국주택금융공사,내집마련 디딤돌대출,A6_EXCEPTION_EXCLUSION,청약(종합)저축,주택담보대출,cancellation_reason,POINT,==,,eligibility,,,,,본 건 목적물 당첨에 따른 해지,,,FALSE,FALSE,-,https://www.hf.go.kr/cms/etcResourceDown.do?site=$cms$NYeyA&key=$cms$M4VwRgDAjA+qmwgJhtGSBsENKQOgAcATAMyA,업무처리기준 2026-06-22판,"다만, 본 건 목적물 당첨에 따라 해지된 계좌에 대해 우대금리를 적용한 경우 해지 여부 확인대상에서 제외",13b0499f22d6f5e4ad67842d1da6958f81f35f7c977ad631b834a65997c568d3,본 건 목적물 당첨에 따라 해지된 계좌,2026-08-16,RECONSTRUCTED,ACTIVE
HF_EFFECT_TIMING,HF_DIDIMDOL_SUPPORT,한국주택금융공사,내집마련 디딤돌대출,A4_MAINTENANCE_RECALCULATION,청약(종합)저축,주택담보대출,effect_start,POINT,==,,eligibility,,,,,,,,FALSE,FALSE,-,https://www.hf.go.kr/cms/etcResourceDown.do?site=$cms$NYeyA&key=$cms$M4VwRgDAjA+qmwgJhtGSBsENKQOgAcATAMyA,업무처리기준 2026-06-22판,"해지가 확인되는 경우, 해지가 확인된 날의 익일(원리금 균등 분할상환 및 체증식 분할상환의 경우 확인된 날 이후 최초 도래하는 이자납입일 익일)부터 우대금리 적용을 제외",3a9c4031677e05ed340befe183104fa5f5227de1c7d0233c47e4ce8b435d5f8f,해지가 확인된 날의 익일,2026-08-16,VERBATIM,ACTIVE
HF_RATE_FLOOR,HF_DIDIMDOL_SUPPORT,한국주택금융공사,내집마련 디딤돌대출,A8_EFFECT_MAPPING,청약(종합)저축,주택담보대출,final_rate_floor,POINT,>=,1.5,eligibility,1.5,pct,,,,,,FALSE,FALSE,-,https://www.hf.go.kr/cms/etcResourceDown.do?site=$cms$NYeyA&key=$cms$M4VwRgDAjA+qmwgJhtGSBsENKQOgAcATAMyA,업무처리기준 2026-06-22판,우대금리 적용 결과 최종 대출금리가 1.5% 미만인 경우에는 1.5% 적용,e050581a08422436571d4f6be8f6a05439fbe57c87dbc96c0f1b712b0bb8915f,최종 대출금리가 1.5% 미만인 경우,2026-08-16,VERBATIM,ACTIVE
HF_RATE_FLOOR_NEWLYWED,HF_DIDIMDOL_SUPPORT,한국주택금융공사,내집마련 디딤돌대출,A8_EFFECT_MAPPING,청약(종합)저축,주택담보대출,final_rate_floor,POINT,>=,1.2,eligibility,1.2,pct,,,,,,FALSE,FALSE,-,https://www.hf.go.kr/cms/etcResourceDown.do?site=$cms$NYeyA&key=$cms$M4VwRgDAjA+qmwgJhtGSBsENKQOgAcATAMyA,업무처리기준 2026-06-22판,생애최초 신혼가구인 경우에는 우대금리 적용 후 최종 대출금리가 연 1.2% 미만인 경우 연 1.2% 적용,87c5b5488a5aaa4a9cb198b36ded6073de4836eada53451c2c7bf1d809207576,최종 대출금리가 1.2% 미만인 경우 (생애최초 신혼가구),2026-08-28,VERBATIM,ACTIVE
HF_CAP,HF_DIDIMDOL_SUPPORT,한국주택금융공사,내집마련 디딤돌대출,A8_EFFECT_MAPPING,청약(종합)저축,주택담보대출,preferential_cap,POINT,<=,,eligibility,,,,,,,,FALSE,FALSE,-,https://www.hf.go.kr/cms/etcResourceDown.do?site=$cms$NYeyA&key=$cms$M4VwRgDAjA+qmwgJhtGSBsENKQOgAcATAMyA,업무처리기준 2026-06-22판,우대금리 적용 상한은 최대 0.5%p(다자녀 가구는 최대 0.7%p),ae5e1b62d3ade4d944b12886d1853aa895d310b61add3a17e443669f8a3fc9cc,우대금리 적용 상한은 최대 0.5%p,2026-08-16,VERBATIM,ACTIVE
HF_LATE_PAYMENT,HF_DIDIMDOL_SUPPORT,한국주택금융공사,내집마련 디딤돌대출,A6_EXCEPTION_EXCLUSION,청약(종합)저축,주택담보대출,payment_count_eligibility,6M,==,,eligibility,,,,,,,,FALSE,FALSE,-,https://www.hf.go.kr/cms/etcResourceDown.do?site=$cms$NYeyA&key=$cms$M4VwRgDAjA+qmwgJhtGSBsENKQOgAcATAMyA,업무처리기준 2026-06-22판,대출접수일 이전 6개월 이내 연체납입 회차에 대해 일괄 납부한 경우 우대금리 회차 인정대상에서 제외(미도래 약정납입 회차에 대해 선납한 경우 우대금리 회차 인정대상에 포함),096a40cbdb60e9acdb4c74c1b3f103dc5f9cc9e7a3f3a00dc6b780f6f8fe60fb,연체납입 회차에 대해 일괄 납부한 경우,2026-08-16,VERBATIM,ACTIVE
SHINHYUP_AUTO_TRANSFER,SHINHYUP_PLUS_SAVINGS,신협중앙회,플러스정기적금(신한카드연계형) 10차,A1_THRESHOLD_STEP|A2_ATTRIBUTION,적금,적금,auto_transfer_ratio,계약기간,>=,0.6667,rate_bonus,0.2,pp,이 적금을 개설한 신협에서 개설된 본인 명의 자유입출금식 예금,,,,,TRUE,FALSE,,https://www.cu.co.kr/product/ad/fnncGoods/selectFnncGoodsDpstInfo50.do?fnncGoodsSn=1080,"상품페이지 이율 안내(조회일 2026-08-16, 준법감시인 심의필 제2026-113호)","이 적금을 개설한 신협에서 개설된 본인 명의 자유입출금식 예금에 연결하여 자동이체를 약정하고, 총 납입 횟수의 2/3 이상 자동이체로 납입한 경우",8bc428ff8d2d568808a7cf89d8e353ec31e1e74cb9763fa90a5ccbb102f33213,자동이체를 약정하고,2026-08-16,VERBATIM,ACTIVE
SHINHYUP_SALARY,SHINHYUP_PLUS_SAVINGS,신협중앙회,플러스정기적금(신한카드연계형) 10차,A1_THRESHOLD_STEP,적금,적금,salary_transfer_months,가입월~만기 전전월,>=,3,rate_bonus,0.1,pp,,,,consecutive=true;min_amount=500000,,TRUE,FALSE,,https://www.cu.co.kr/product/ad/fnncGoods/selectFnncGoodsDpstInfo50.do?fnncGoodsSn=1080,"상품페이지 이율 안내(조회일 2026-08-16, 준법감시인 심의필 제2026-113호)",이 적금의 가입일이 속한 월부터 만기일 전전월까지 연속 3개월 기간 동안 월 50만원 이상 급여 이체 실적이 존재하는 경우,bf595873ee064cae5dddd9f0192a93d2c346b5946e06683b8ec0cf9ec66801b5,급여 이체 실적이 존재하는 경우,2026-08-16,VERBATIM,ACTIVE
SHINHYUP_CARD_ACCOUNT,SHINHYUP_PLUS_SAVINGS,신협중앙회,플러스정기적금(신한카드연계형) 10차,A2_ATTRIBUTION|A5_TERMINATION_LOSS_EVENT,적금,적금,card_payment_account,적금 만기 해지시까지,==,1,rate_bonus,0.2,pp,"신협-신한제휴카드의 결제계좌로 신협계좌 등록, 적금 만기 해지시까지 유지",,,,,TRUE,FALSE,,https://www.cu.co.kr/product/ad/fnncGoods/selectFnncGoodsDpstInfo50.do?fnncGoodsSn=1080,"상품페이지 이율 안내(조회일 2026-08-16, 준법감시인 심의필 제2026-113호)",우대 대상 신협-신한제휴카드의 결제계좌로 신협계좌를 등록(적금 만기 해지시까지 유지)한 경우,c9d8933ab432f9e22fe6ac9963de631cb20e2f65ca36095f12991115f07c2a46,결제계좌로 신협계좌를 등록,2026-08-16,VERBATIM,ACTIVE
SHINHYUP_CARD_USAGE_T1,SHINHYUP_PLUS_SAVINGS,신협중앙회,플러스정기적금(신한카드연계형) 10차,A1_THRESHOLD_STEP,적금,적금,card_usage_count,계약기간,>=,4,rate_bonus,2.5,pp,,,,consecutive=false,,TRUE,FALSE,,https://www.cu.co.kr/product/ad/fnncGoods/selectFnncGoodsDpstInfo50.do?fnncGoodsSn=1080,"상품페이지 이율 안내(조회일 2026-08-21, 준법감시인 심의필 제2026-113호(2026.6.11.) 유효기간 2026.6.26.~2026.10.31.)",적금 가입월 포함 9개월 간 매월 10만원 이상 이용한 횟수가 4회 이상 7회 이하인 경우,bb342e1481611d364f39ec38476abf3f0e8b7ed02e207726d60f8c2723327e95,우대이율 표 · 신한카드 이용실적 4회 이상 7회 이하 구간 (연 2.5%p),2026-08-28,VERBATIM,ACTIVE
SHINHYUP_CARD_USAGE_T2,SHINHYUP_PLUS_SAVINGS,신협중앙회,플러스정기적금(신한카드연계형) 10차,A1_THRESHOLD_STEP,적금,적금,card_usage_count,계약기간,>=,8,rate_bonus,5.0,pp,,,,consecutive=false,,TRUE,FALSE,,https://www.cu.co.kr/product/ad/fnncGoods/selectFnncGoodsDpstInfo50.do?fnncGoodsSn=1080,"상품페이지 이율 안내(조회일 2026-08-21, 준법감시인 심의필 제2026-113호(2026.6.11.) 유효기간 2026.6.26.~2026.10.31.)",적금 가입월 포함 9개월 간 매월 10만원 이상 이용한 횟수가 8회 이상인 경우,87e55f36049af004d07d09cc587122d68ab75fdd2d3314afc1a5c3bf13ab1dac,우대이율 표 · 신한카드 이용실적 8회 이상 구간 (인접 셀 연 5.0%p),2026-08-28,VERBATIM,ACTIVE
NH_SUBSCRIPTION_DIDIMDOL_T1,NH_SUBSCRIPTION_DIDIMDOL,NH농협은행,내집마련 디딤돌대출,A5_TERMINATION_LOSS_EVENT|A6_EXCEPTION_EXCLUSION|A7_ELIGIBILITY_HISTORY,청약저축,주택담보대출,subscription_months,가입기간,>=,60,rate_discount,0.3,pp,,,,,0.5,FALSE,FALSE,,https://banking.nonghyup.com/content/html/ip/mk/el/el40000187.html,"상품페이지 대출금리·우대금리2 가항(조회일 2026-08-21, 준법감시인심의필 2025-1067 유효기간 2025.01.08~2025.12.31 — 만료)","가. 청약(종합)저축 가입기간(납입회차)에 따라 5년(60회차)이상인 경우 연 0.3%p, 10년(120회차)이상인 경우 연 0.4%p, 15년(180회차)이상인 경우 연 0.5%p 적용",64cc8ed2a1f8e064764f94787c46b6e060535db471b02b305821c6afc44d32e2,우대금리2 가항,2026-08-21,VERBATIM,ACTIVE
NH_SUBSCRIPTION_DIDIMDOL_T2,NH_SUBSCRIPTION_DIDIMDOL,NH농협은행,내집마련 디딤돌대출,A5_TERMINATION_LOSS_EVENT|A6_EXCEPTION_EXCLUSION|A7_ELIGIBILITY_HISTORY,청약저축,주택담보대출,subscription_months,가입기간,>=,120,rate_discount,0.4,pp,,,,,0.5,FALSE,FALSE,,https://banking.nonghyup.com/content/html/ip/mk/el/el40000187.html,"상품페이지 대출금리·우대금리2 가항(조회일 2026-08-21, 준법감시인심의필 2025-1067 유효기간 2025.01.08~2025.12.31 — 만료)","가. 청약(종합)저축 가입기간(납입회차)에 따라 5년(60회차)이상인 경우 연 0.3%p, 10년(120회차)이상인 경우 연 0.4%p, 15년(180회차)이상인 경우 연 0.5%p 적용",64cc8ed2a1f8e064764f94787c46b6e060535db471b02b305821c6afc44d32e2,우대금리2 가항,2026-08-21,VERBATIM,ACTIVE
NH_SUBSCRIPTION_DIDIMDOL_T3,NH_SUBSCRIPTION_DIDIMDOL,NH농협은행,내집마련 디딤돌대출,A5_TERMINATION_LOSS_EVENT|A6_EXCEPTION_EXCLUSION|A7_ELIGIBILITY_HISTORY,청약저축,주택담보대출,subscription_months,가입기간,>=,180,rate_discount,0.5,pp,,,,,0.5,FALSE,FALSE,,https://banking.nonghyup.com/content/html/ip/mk/el/el40000187.html,"상품페이지 대출금리·우대금리2 가항(조회일 2026-08-21, 준법감시인심의필 2025-1067 유효기간 2025.01.08~2025.12.31 — 만료)","가. 청약(종합)저축 가입기간(납입회차)에 따라 5년(60회차)이상인 경우 연 0.3%p, 10년(120회차)이상인 경우 연 0.4%p, 15년(180회차)이상인 경우 연 0.5%p 적용",64cc8ed2a1f8e064764f94787c46b6e060535db471b02b305821c6afc44d32e2,우대금리2 가항,2026-08-21,VERBATIM,ACTIVE
NH_DIDIMDOL_LOSS_EVENT,NH_DIDIMDOL_SUPPORT,NH농협은행,내집마련 디딤돌대출,A5_TERMINATION_LOSS_EVENT,청약저축,주택담보대출,subscription_terminated,대출기간,==,1,rate_loss,,,,,본 건 목적물 당첨에 따른 해지,,,FALSE,FALSE,,https://banking.nonghyup.com/content/html/ip/mk/el/el40000187.html,상품페이지 대출금리·우대금리2 단서(조회일 2026-08-21),"단, 대출기간 중 금리우대에 적용된 청약(종합)저축 해지시 금리우대 적용이 제외되며, 대출기간 중 금리우대 조건을 충족하더라도 금리우대 적용 불가",ca3a5c24ed3e6de4abf6edcecf264af017982d5c26d46d348c19807e1c63c450,우대금리2 단서,2026-08-21,VERBATIM,ACTIVE
NH_DIDIMDOL_EXEMPT_WINNING,NH_DIDIMDOL_SUPPORT,NH농협은행,내집마련 디딤돌대출,A6_EXCEPTION_EXCLUSION,청약저축,주택담보대출,termination_reason,대출기간,==,1,exemption,,,,,본 건 목적물 당첨에 따른 해지,,,TRUE,TRUE,,https://banking.nonghyup.com/content/html/ip/mk/el/el40000187.html,상품페이지 대출금리·우대금리2 단서(조회일 2026-08-21),신규 분양아파트(담보목적물) 당첨에 따라 해지된 계좌도 포함함,9e164ead24c43225f4aded98e502b832a8ae0a3c1b41a3fc02f9292ecf565728,우대금리2 당첨 예외,2026-08-21,VERBATIM,ACTIVE
NH_DIDIMDOL_HISTORY_CARRY,NH_DIDIMDOL_SUPPORT,NH농협은행,내집마련 디딤돌대출,A7_ELIGIBILITY_HISTORY,청약저축,주택담보대출,transfer_carryover,가입기간,==,1,eligibility,,,,,,carry_over=true,,TRUE,FALSE,,https://banking.nonghyup.com/content/html/ip/mk/el/el40000187.html,상품페이지 대출금리·우대금리2 가항 괄호(조회일 2026-08-21),"청약예금, 청약부금, 청약저축을 주택청약종합저축 또는 청년 주택드림 청약통장으로 전환 가입하는 경우 기존 청약(종합)저축, 청약예금, 청약부금의 납입기간 및 회차를 포함함",f2869fa393cf5aefc6fd34e8bc23a939e1f63cce71a421e2267edd8b64cee2dd,우대금리2 가항 전환가입 괄호,2026-08-21,VERBATIM,ACTIVE
NH_DIDIMDOL_LATE_PAYMENT,NH_DIDIMDOL_SUPPORT,NH농협은행,내집마련 디딤돌대출,A6_EXCEPTION_EXCLUSION,청약저축,주택담보대출,late_payment_lumpsum,6개월,==,1,exclusion,,,,,일괄 납부한 연체납입 회차,,,FALSE,FALSE,,https://banking.nonghyup.com/content/html/ip/mk/el/el40000187.html,상품페이지 대출금리·우대금리2 가항 단서(조회일 2026-08-21),"다만, 대출신청일 이전 6개월 이내 연체납입 회차에 대해 일괄 납부한 경우 우대금리 회차 인정대상에서 제외",bc754f1e5c7668962a6bc3937af70e5bed3c2e4683261c6e2c65ff75f511a24c,우대금리2 가항 연체납입 단서,2026-08-21,VERBATIM,ACTIVE
NH_DIDIMDOL_RATE_FLOOR,NH_DIDIMDOL_SUPPORT,NH농협은행,내집마련 디딤돌대출,A8_EFFECT_MAPPING,주택담보대출,주택담보대출,final_rate_floor,대출기간,<,1.5,rate_floor,1.5,pct,,,,,,FALSE,FALSE,,https://banking.nonghyup.com/content/html/ip/mk/el/el40000187.html,상품페이지 대출금리 일반가구 기준금리 각주(조회일 2026-08-21),우대금리 적용 후 최종금리가 1.50% 미만인 경우에는 1.50%를 적용,90c89dfd1ad698bf23e81bfd58bfe91eb981116b0fa735a137e48d57aa4fa40b,일반가구 기준금리 각주,2026-08-21,VERBATIM,ACTIVE
WOORI_COUPON_ELIGIBILITY,WOORI_RATE_COUPON,우리은행,금리우대쿠폰,A7_ELIGIBILITY_HISTORY,신용대출,신용대출,existing_loan_count,신청일,==,0,eligibility,,,,,,,,FALSE,FALSE,,https://spot.wooribank.com/pot/Dream?PRD_CD=P020000260&PRD_YN=Y&cc=c010528%3Ac010531%3Bc012425%3Ac012399&withyou=POLON0057,"금리우대쿠폰 발급 안내 팝업(조회일 2026-08-21, 준법감시인 심의필 2023-4573 유효기간 2023.05.25~2024.12.31 — 만료)",■ 발급대상 : 신청일 현재 우리은행 대출이 없는 고객,7e6c68b804474fde02f620317823b022fd139b9d734ecffbaa20fc56237df3ec,금리우대쿠폰 발급 안내 · 발급대상,2026-08-21,VERBATIM,ACTIVE
WOORI_COUPON_EFFECT,WOORI_RATE_COUPON,우리은행,금리우대쿠폰,A8_EFFECT_MAPPING,신용대출,신용대출,coupon_applied,대출기간,==,1,rate_discount,0.3,pp,,,,,,FALSE,FALSE,,https://spot.wooribank.com/pot/Dream?PRD_CD=P020000260&PRD_YN=Y&cc=c010528%3Ac010531%3Bc012425%3Ac012399&withyou=POLON0057,"금리우대쿠폰 발급 안내 팝업(조회일 2026-08-21, 준법감시인 심의필 2023-4573 유효기간 2023.05.25~2024.12.31 — 만료)","■ 우대금리 : 연 0.3%p (단,상품별 최대우대금리 이내)",b7fd6a9335fea45a64bc1fc8b2c13cc6c32382a8056f18b5ebf383d25b8459e1,금리우대쿠폰 발급 안내 · 우대금리,2026-08-21,VERBATIM,ACTIVE
WOORI_COUPON_VALIDITY,WOORI_COUPON_SUPPORT,우리은행,금리우대쿠폰,A3_TIME_WINDOW_CONSTRAINT,신용대출,신용대출,coupon_validity_days,발급일,<=,7,duration,7,days,,,,extension_max=2,,TRUE,FALSE,,https://spot.wooribank.com/pot/Dream?PRD_CD=P020000260&PRD_YN=Y&cc=c010528%3Ac010531%3Bc012425%3Ac012399&withyou=POLON0057,"금리우대쿠폰 발급 안내 팝업(조회일 2026-08-21, 준법감시인 심의필 2023-4573 유효기간 2023.05.25~2024.12.31 — 만료)",■ 유효기간 : 쿠폰 발급일로부터 7일 (총 2회 연장 가능),fee7e21cb569dbc7461f92c8ead846fc2b2c0d5ef311a4ed85d3cd6fa5a6f72b,금리우대쿠폰 발급 안내 · 유효기간,2026-08-21,VERBATIM,ACTIVE
WOORI_COUPON_APPLY_WINDOW,WOORI_COUPON_SUPPORT,우리은행,금리우대쿠폰,A3_TIME_WINDOW_CONSTRAINT,신용대출,신용대출,apply_window,대출기간,==,1,duration,,,,,대출연장시 적용 불가,,,FALSE,FALSE,,https://spot.wooribank.com/pot/Dream?PRD_CD=P020000260&PRD_YN=Y&cc=c010528%3Ac010531%3Bc012425%3Ac012399&withyou=POLON0057,"금리우대쿠폰 발급 안내 팝업(조회일 2026-08-21, 준법감시인 심의필 2023-4573 유효기간 2023.05.25~2024.12.31 — 만료)",■ 우대금리 적용기간 : 대출 신규일 ~ 최초 만기일 (대출연장시 적용 불가),74632af446c46c68fdefad00997473b9392a878ebee7b4c6cbf5c43eb4ad1425,금리우대쿠폰 발급 안내 · 적용기간,2026-08-21,VERBATIM,ACTIVE
WOORI_COUPON_LOSS_EVENT,WOORI_COUPON_SUPPORT,우리은행,금리우대쿠폰,A5_TERMINATION_LOSS_EVENT,신용대출,신용대출,other_loan_at_apply,신청시점,>=,1,rate_loss,,,,,,,,FALSE,FALSE,,https://spot.wooribank.com/pot/Dream?PRD_CD=P020000260&PRD_YN=Y&cc=c010528%3Ac010531%3Bc012425%3Ac012399&withyou=POLON0057,"금리우대쿠폰 발급 안내 팝업(조회일 2026-08-21, 준법감시인 심의필 2023-4573 유효기간 2023.05.25~2024.12.31 — 만료)","※ 금리우대쿠폰이 발급되어도 대출 신청시점에 당행에 다른 대출을 보유중인 경우, 금리우대쿠폰 우대금리 적용은 불가합니다.",25facb51749d9f6f10f135e78c371872554b2b17a25717f66fb32a7d6f79abca,금리우대쿠폰 유의사항 · 타대출 보유,2026-08-21,VERBATIM,ACTIVE
WOORI_COUPON_AUTO_APPLY,WOORI_COUPON_SUPPORT,우리은행,금리우대쿠폰,A2_ACTIVATION,신용대출,신용대출,auto_apply_at_request,신청시점,==,1,activation,,,,,,,,TRUE,FALSE,,https://spot.wooribank.com/pot/Dream?PRD_CD=P020000260&PRD_YN=Y&cc=c010528%3Ac010531%3Bc012425%3Ac012399&withyou=POLON0057,"금리우대쿠폰 발급 안내 팝업(조회일 2026-08-21, 준법감시인 심의필 2023-4573 유효기간 2023.05.25~2024.12.31 — 만료)",※ 금리우대쿠폰은 대출신청시점에 우대금리항목으로 자동 적용됩니다.,6d00e4b5f72171984b4dc9e1b1f18d907633b3485f5848cb592060794a8a83ae,금리우대쿠폰 유의사항 · 자동 적용,2026-08-21,VERBATIM,ACTIVE
WOORI_COUPON_ONCE_ONLY,WOORI_COUPON_SUPPORT,우리은행,금리우대쿠폰,A3_TIME_WINDOW_CONSTRAINT,신용대출,신용대출,issue_count_limit,전체기간,<=,1,state_constraint,1,count,,,,reissue=false,,FALSE,FALSE,,https://spot.wooribank.com/pot/Dream?PRD_CD=P020000260&PRD_YN=Y&cc=c010528%3Ac010531%3Bc012425%3Ac012399&withyou=POLON0057,"금리우대쿠폰 발급 안내 팝업(조회일 2026-08-21, 준법감시인 심의필 2023-4573 유효기간 2023.05.25~2024.12.31 — 만료)","※ 금리우대쿠폰은 1회에 한해 발급 가능하며, 유효기간 종료 후 재발급은 불가합니다.",30d185d4c1d06f168038c9a380f570dbf5131f6b6d376ce17424597e94bbe332,금리우대쿠폰 유의사항 · 1회 한정,2026-08-21,VERBATIM,ACTIVE
